year,kind,essd_eb,essd_eb_hi,qlc_eb,qlc_eb_hi,qlc_share_pct,qlc_share_lo,qlc_share_hi,essd_rev_bn,essd_asp_per_tb,qlc_price_per_tb,qlc_rev_bn,qlc_rev_hi,kv_nand_eb,qlc_in_kv_eb
2022,0,155,155,6,6,4,4,4,21.9,141,120,0.7,0.7,0,0
2023,0,115,115,7.5,7.5,6.5,6.5,6.5,7.0,61,52,0.4,0.4,0,0
2024,0,210,210,30,30,14.3,14.3,14.3,24.0,114,97,2.9,2.9,0,0
2025,0,265,265,53,53,20,20,20,26.5,100,85,4.5,4.5,0,0
2026,1,340,390,102,120,30,26,34,125,368,313,32,36,35,2
2027,1,450,565,167,210,37,32,42,99,220,187,31,50,90,9
2028,1,600,825,264,340,44,38,50,72,120,102,27,56,175,44
2029,1,780,1050,390,500,50,43,56,74,95,81,32,60,260,104
2030,1,1000,1300,550,720,55,47,62,80,80,68,37,65,350,175
